Make,Model,Year,VehicleType,Drivetrain,Battery_kWh (AFDC),Range_min (mi),Range_max (mi),Range_mid (mi),MPGe_min,MPGe_max,MPGe_mid,Efficiency (mi/kWh) = MPGe/33.7,Range_per_kWh (Range_mid/Batt_kWh),Voltage_Architecture (400/800/900V class),Architecture_Confidence,Architecture_Source_URL,ChargeRate (L2/DC kW),ChargeSpeed (mi/hr L1/L2/DC),Battery_math_notes,Ns (series),Np (parallel),Modules,Cells_per_module,Total_cells (Ns*Np),Cell_V_nom,Cell_V_max,Cell_V_min,Pack_V_nom (Ns*Cell_V_nom),Pack_V_full (Ns*Cell_V_max),Pack_V_empty (Ns*Cell_V_min),BatteryMath_Source_URL
Audi,Q4 45 e-tron,2025,SUV,RWD,81.6,288,288,288,115.0,115.0,115.0,3.412,3.529,400V class,Assumed,,11/150,3/31/282,,,,,,,,,,,,,
Audi,Q4 55 e-tron quattro,2025,SUV,AWD,81.6,258,258,258,100.0,100.0,100.0,2.967,3.162,400V class,Assumed,,11/150,3/31/282,,,,,,,,,,,,,
Audi,Q6 e-tron,2025,SUV,RWD,100.2,298,321,310,96.0,104.0,100.0,2.967,3.089,800V class,Confirmed,https://media.audiusa.com/releases/609,-/-,-/-/-,,,,,,,,,,,,,
Audi,Q6 e-tron quattro,2025,SUV,AWD,100.0,295,319,307,95.0,103.0,99.0,2.938,3.070,800V class,Confirmed,https://media.audiusa.com/releases/609,-/-,-/-/-,,,,,,,,,,,,,
Audi,Q8 e-tron quattro,2025,SUV,AWD,114.3,254,272,263,74.0,78.0,76.0,2.255,2.301,400V class,Assumed,,9.6- 19.2/170,3/44/315,,,,,,,,,,,,,
Audi,S e-tron GT,2025,Sedan/Wagon,AWD,105.0,294,300,297,88.0,90.0,89.0,2.641,2.829,800V class,Confirmed,https://media.audiusa.com/releases/459,-/-,-/-/-,,,,,,,,,,,,,
Audi,SQ6 e-tron,2025,SUV,AWD,100.0,275,283,279,89.0,91.0,90.0,2.671,2.790,800V class,Confirmed,https://media.audiusa.com/releases/609,-/-,-/-/-,,,,,,,,,,,,,
Audi,SQ8 e-tron,2025,SUV,AWD,114.3,208,242,225,60.0,70.0,65.0,1.929,1.969,400V class,Assumed,,-/-,-/-/-,,,,,,,,,,,,,
BMW,i4 eDrive35 Gran Coupe,2025,Sedan/Wagon,RWD,84.2,244,266,255,106.0,118.0,112.0,3.323,3.029,400V class,Assumed,,11/195,4/33/463,,,,,,,,,,,,,
BMW,i4 eDrive40 Gran Coupe,2025,Sedan/Wagon,RWD,84.2,295,318,307,104.0,112.0,108.0,3.205,3.640,400V class,Assumed,,11/195,4/33/463,,,,,,,,,,,,,
BMW,i4 M50 Gran Coupe,2025,Sedan/Wagon,4WD,105.7,227,267,247,80.0,94.0,87.0,2.582,2.337,400V class,Assumed,,11/196,4/33/463,,,,,,,,,,,,,
BMW,i4 xDrive40 Gran Coupe,2025,Sedan/Wagon,AWD,105.7,268,287,278,94.0,101.0,97.5,2.893,2.625,400V class,Assumed,,11/195,4/33/463,,,,,,,,,,,,,
BMW,i5 eDrive40 Sedan,2025,Sedan/Wagon,RWD,84.0,271,295,283,96.0,105.0,100.5,2.982,3.369,400V class,Assumed,,11/195,4/33/463,,,,,,,,,,,,,
BMW,i5 M60 xDrive Sedan,2025,Sedan/Wagon,AWD,105.6,239,253,246,84.0,90.0,87.0,2.582,2.330,400V class,Assumed,,11/195,4/33/463,,,,,,,,,,,,,
BMW,i5 xDrive40 Sedan,2025,Sedan/Wagon,AWD,105.6,248,266,257,87.0,93.0,90.0,2.671,2.434,400V class,Assumed,,11/195,4/33/463,,,,,,,,,,,,,
BMW,i7 eDrive50 Sedan,2025,Sedan/Wagon,RWD,105.6,301,314,308,85.0,88.0,86.5,2.567,2.912,400V class,Assumed,,11/195,4/33/412,,,,,,,,,,,,,
BMW,i7 M70 xDrive Sedan,2025,Sedan/Wagon,AWD,111.8,268,285,277,75.0,79.0,77.0,2.285,2.473,400V class,Assumed,,11/195,4/33/412,,,,,,,,,,,,,
BMW,i7 xDrive60 Sedan,2025,Sedan/Wagon,AWD,105.6,296,311,304,83.0,88.0,85.5,2.537,2.874,400V class,Assumed,,11/195,4/33/412,,,,,,,,,,,,,
BMW,iX M,2025,SUV,AWD,111.8,284,285,285,76.0,77.0,76.5,2.270,2.545,400V class,Assumed,,11/195,3/28/393,,,,,,,,,,,,,
BMW,iX xDrive,2025,SUV,AWD,111.8,211,219,215,83.0,87.0,85.0,2.522,1.923,400V class,Assumed,,11/195,3/28/393,,,,,,,,,,,,,
BMW,iX xDrive,2025,SUV,AWD,111.8,302,309,306,81.0,83.0,82.0,2.433,2.733,400V class,Assumed,,11/195,3/28/393,,,,,,,,,,,,,
Bugatti Rimac,Nevera,2025,Sedan/Wagon,4WD,153.6,204,204,204,53.0,53.0,53.0,1.573,1.328,400V class,Assumed,,-/-,-/-/-,,,,,,,,,,,,,
Cadillac,Lyric,2025,SUV,RWD,116.0,326,326,326,92.0,92.0,92.0,2.730,2.810,400V class,Assumed,,11.5- 19.2/190,4/29/401,,,,,,,,,,,,,
Cadillac,Lyric AWD,2025,SUV,AWD,116.9,303,319,311,86.0,89.0,87.5,2.596,2.660,400V class,Assumed,,11.5- 19.2/190,4/29/401,,,,,,,,,,,,,
Chevrolet,Blazer EV AWD,2025,SUV,AWD,97.4,283,283,283,95.0,95.0,95.0,2.819,2.906,400V class,Assumed,,11.5/150- 190,3/33/342,,,,,,,,,,,,,
Chevrolet,Blazer EV RWD,2025,SUV,RWD,116.0,334,334,334,95.0,95.0,95.0,2.819,2.879,400V class,Assumed,,11.5/150- 190,3/33/342,,,,,,,,,,,,,
Chevrolet,Equinox EV AWD,2025,SUV,AWD,97.4,307,307,307,96.0,103.0,99.5,2.953,3.152,400V class,Assumed,,11.5/50,4/34/356,,,,,,,,,,,,,
Chevrolet,Equinox EV FWD,2025,SUV,FWD,97.4,319,319,319,109.0,109.0,109.0,3.234,3.275,400V class,Assumed,,11.5/50,4/34/356,,,,,,,,,,,,,
Chevrolet,Silverado EV,2025,Pickup,4WD,136.3,390,492,441,64.0,70.0,67.0,1.988,3.236,400V class,Assumed,,19/350,2/36/523,,,,,,,,,,,,,
Fiat,500e,2025,Sedan/Wagon,FWD,42.2,141,149,145,110.0,116.0,113.0,3.353,3.436,400V class,Assumed,,11/85,4/38/234,,,,,,,,,,,,,
Ford,F150 Lightning 4WD Pro/ER1/Platinum,2025,Pickup,AWD,165.2,300,320,310,66.0,70.0,68.0,2.018,1.877,400V class,Assumed,,11.6- 19.6/150,2/24- 40/249,,,,,,,,,,,,,
Ford,F150 Lightning 4WD SR,2025,Pickup,AWD,124.0,240,240,240,68.0,68.0,68.0,2.018,1.935,400V class,Assumed,,11.6- 19.6/150,2/24- 40/249,,,,,,,,,,,,,
Genesis,Electrified G,2025,Sedan/Wagon,AWD,87.2,282,282,282,97.0,97.0,97.0,2.878,3.234,400V class,Assumed,,11/230,3/32/530,,,,,,,,,,,,,
Genesis,Electrified GV,2025,SUV,AWD,77.4,236,236,236,91.0,91.0,91.0,2.700,3.049,400V class,Assumed,,11/230,3/29/497,,,,,,,,,,,,,
Genesis,GV60 Advanced/Performance,2025,SUV,AWD,77.5,235,264,250,90.0,100.0,95.0,2.819,3.219,800V class,Confirmed,https://www.prnewswire.com/news-releases/hyundai-motor-group-to-lead-charge-into-electric-era-with-dedicated-ev-platform-e-gmp-301183314.html; https://newsroom.genesis.com/genesis-premieres-the-gv60-a-luxury-ev-that-connects-a-vehicle-to-a-driver/,11/230,3/29/491,,,,,,,,,,,,,
Genesis,GV60 RWD,2025,SUV,RWD,77.5,294,294,294,112.0,112.0,112.0,3.323,3.794,800V class,Confirmed,https://www.prnewswire.com/news-releases/hyundai-motor-group-to-lead-charge-into-electric-era-with-dedicated-ev-platform-e-gmp-301183314.html; https://newsroom.genesis.com/genesis-premieres-the-gv60-a-luxury-ev-that-connects-a-vehicle-to-a-driver/,11/230,3/29/491,,,,,,,,,,,,,
GMC,Hummer EV Pickup,2025,Pickup,AWD,194.9,289,318,304,47.0,53.0,50.0,1.484,1.557,400V class,Assumed,,19/300,2/28/356,,,,,,,,,,,,,
GMC,Hummer EV Pickup,2025,Pickup,AWD,194.9,312,312,312,52.0,52.0,52.0,1.543,1.601,400V class,Assumed,,19/300,2/28/356,,,,,,,,,,,,,
GMC,Hummer EV SUV,2025,SUV,AWD,194.9,289,312,301,48.0,52.0,50.0,1.484,1.542,400V class,Assumed,,19/300,2/30/377,,,,,,,,,,,,,
GMC,Hummer EV SUV,2025,SUV,AWD,194.9,282,315,299,47.0,53.0,50.0,1.484,1.532,400V class,Assumed,,19/300,2/30/377,,,,,,,,,,,,,
GMC,Sierra EV,2025,Pickup,4WD,136.3,390,390,390,64.0,64.0,64.0,1.899,2.861,400V class,Assumed,,19/350,2/36/523,,,,,,,,,,,,,
Hyundai,Ioniq 5 AWD,2025,SUV,4WD,84.1,259,290,275,94.0,106.0,100.0,2.967,3.264,800V class,Confirmed,https://www.prnewswire.com/news-releases/hyundai-motor-group-to-lead-charge-into-electric-era-with-dedicated-ev-platform-e-gmp-301183314.html; https://newsroom.genesis.com/genesis-premieres-the-gv60-a-luxury-ev-that-connects-a-vehicle-to-a-driver/,11/199,4/35/503,,,,,,,,,,,,,
Hyundai,Ioniq 5 N,2025,SUV,AWD,84.1,221,221,221,78.0,78.0,78.0,2.315,2.628,800V class,Confirmed,https://www.prnewswire.com/news-releases/hyundai-motor-group-to-lead-charge-into-electric-era-with-dedicated-ev-platform-e-gmp-301183314.html; https://newsroom.genesis.com/genesis-premieres-the-gv60-a-luxury-ev-that-connects-a-vehicle-to-a-driver/,11/199,4/35/503,,,,,,,,,,,,,
Hyundai,Ioniq 5 RWD,2025,SUV,RWD,84.1,318,318,318,114.0,114.0,114.0,3.383,3.781,800V class,Confirmed,https://www.prnewswire.com/news-releases/hyundai-motor-group-to-lead-charge-into-electric-era-with-dedicated-ev-platform-e-gmp-301183314.html; https://newsroom.genesis.com/genesis-premieres-the-gv60-a-luxury-ev-that-connects-a-vehicle-to-a-driver/,11/199,4/35/503,,,,,,,,,,,,,
Hyundai,Ioniq 5 Standard Range,2025,SUV,RWD,63.1,245,245,245,115.0,115.0,115.0,3.412,3.883,800V class,Confirmed,https://www.prnewswire.com/news-releases/hyundai-motor-group-to-lead-charge-into-electric-era-with-dedicated-ev-platform-e-gmp-301183314.html; https://newsroom.genesis.com/genesis-premieres-the-gv60-a-luxury-ev-that-connects-a-vehicle-to-a-driver/,11/199,4/35/503,,,,,,,,,,,,,
Hyundai,Ioniq 6 AWD,2025,Sedan/Wagon,AWD,77.4,270,316,293,103.0,121.0,112.0,3.323,3.786,800V class,Confirmed,https://www.prnewswire.com/news-releases/hyundai-motor-group-to-lead-charge-into-electric-era-with-dedicated-ev-platform-e-gmp-301183314.html; https://newsroom.genesis.com/genesis-premieres-the-gv60-a-luxury-ev-that-connects-a-vehicle-to-a-driver/,11/221,4/34/554,,,,,,,,,,,,,
Hyundai,Ioniq 6 RWD,2025,Sedan/Wagon,RWD,77.4,291,342,317,111.0,132.0,121.5,3.605,4.089,800V class,Confirmed,https://www.prnewswire.com/news-releases/hyundai-motor-group-to-lead-charge-into-electric-era-with-dedicated-ev-platform-e-gmp-301183314.html; https://newsroom.genesis.com/genesis-premieres-the-gv60-a-luxury-ev-that-connects-a-vehicle-to-a-driver/,11/221,4/34/554,,,,,,,,,,,,,
Hyundai,Ioniq 6 Standard Range,2025,Sedan/Wagon,RWD,53.3,240,240,240,135.0,135.0,135.0,4.006,4.503,800V class,Confirmed,https://www.prnewswire.com/news-releases/hyundai-motor-group-to-lead-charge-into-electric-era-with-dedicated-ev-platform-e-gmp-301183314.html; https://newsroom.genesis.com/genesis-premieres-the-gv60-a-luxury-ev-that-connects-a-vehicle-to-a-driver/,11/221,4/34/554,,,,,,,,,,,,,
Hyundai,Kona Electric,2025,SUV,FWD,64.8,230,261,246,103.0,116.0,109.5,3.249,3.789,400V class,Assumed,,11/100,4/25/208,,,,,,,,,,,,,
Hyundai,Kona Electric Standard Range,2025,SUV,FWD,48.5,200,200,200,118.0,118.0,118.0,3.501,4.124,400V class,Assumed,,11/100,4/25/208,,,,,,,,,,,,,
Kia,EV9 Long Range AWD,2025,SUV,AWD,99.9,270,280,275,80.0,83.0,81.5,2.418,2.753,800V class,Confirmed,https://www.prnewswire.com/news-releases/hyundai-motor-group-to-lead-charge-into-electric-era-with-dedicated-ev-platform-e-gmp-301183314.html; https://newsroom.genesis.com/genesis-premieres-the-gv60-a-luxury-ev-that-connects-a-vehicle-to-a-driver/,11/200,3/27/399,,,,,,,,,,,,,
Kia,EV9 Long Range RWD,2025,SUV,RWD,99.9,304,304,304,89.0,89.0,89.0,2.641,3.043,800V class,Confirmed,https://www.prnewswire.com/news-releases/hyundai-motor-group-to-lead-charge-into-electric-era-with-dedicated-ev-platform-e-gmp-301183314.html; https://newsroom.genesis.com/genesis-premieres-the-gv60-a-luxury-ev-that-connects-a-vehicle-to-a-driver/,11/200,3/27/399,,,,,,,,,,,,,
Kia,EV9 Standard Range RWD,2025,SUV,RWD,76.2,230,230,230,88.0,88.0,88.0,2.611,3.018,800V class,Confirmed,https://www.prnewswire.com/news-releases/hyundai-motor-group-to-lead-charge-into-electric-era-with-dedicated-ev-platform-e-gmp-301183314.html; https://newsroom.genesis.com/genesis-premieres-the-gv60-a-luxury-ev-that-connects-a-vehicle-to-a-driver/,11/200,3/27/399,,,,,,,,,,,,,
Kia,Niro Electric,2025,SUV,FWD,64.8,253,253,253,113.0,113.0,113.0,3.353,3.904,400V class,Assumed,,7.2/75,4/24/199,,,,,,,,,,,,,
Lucid,Air G Touring XR AWD,2025,Sedan/Wagon,AWD,136.8,446,512,479,112.0,128.0,120.0,3.561,3.501,900V class,Confirmed,https://www.batterydesign.net/lucid-motors/; https://electrek.co/2024/03/27/worlds-first-mass-produced-900v-ev-drive-system-rolls-out/,19/300,4/69/876,"Dream/GT pack: 22 modules, 6,600 cylindrical cells; 220s30p (nominal ~799V, max 924V, min 550V)",220,30,22,300,6600,3.630,4.200,2.500,798.6,924.0,550.0,https://www.batterydesign.net/lucid-motors/; https://insideevs.com/news/544455/lucid-air-118kwh-battery-112kwh/
Lucid,Air Pure RWD,2025,Sedan/Wagon,RWD,84.1,372,420,396,129.0,146.0,137.5,4.080,4.709,900V class,Confirmed,https://www.batterydesign.net/lucid-motors/; https://electrek.co/2024/03/27/worlds-first-mass-produced-900v-ev-drive-system-rolls-out/,19/300,4/69/876,"Dream/GT pack: 22 modules, 6,600 cylindrical cells; 220s30p (nominal ~799V, max 924V, min 550V)",220,30,22,300,6600,3.630,4.200,2.500,798.6,924.0,550.0,https://www.batterydesign.net/lucid-motors/; https://insideevs.com/news/544455/lucid-air-118kwh-battery-112kwh/
Lucid,Air Sapphire AWD,2025,Sedan/Wagon,AWD,116.8,427,427,427,105.0,105.0,105.0,3.116,3.656,900V class,Confirmed,https://www.batterydesign.net/lucid-motors/; https://electrek.co/2024/03/27/worlds-first-mass-produced-900v-ev-drive-system-rolls-out/,19/300,4/69/876,"Dream/GT pack: 22 modules, 6,600 cylindrical cells; 220s30p (nominal ~799V, max 924V, min 550V)",220,30,22,300,6600,3.630,4.200,2.500,798.6,924.0,550.0,https://www.batterydesign.net/lucid-motors/; https://insideevs.com/news/544455/lucid-air-118kwh-battery-112kwh/
Lucid,Air Touring AWD,2025,Sedan/Wagon,AWD,116.8,361,406,384,116.0,132.0,124.0,3.680,3.283,900V class,Confirmed,https://www.batterydesign.net/lucid-motors/; https://electrek.co/2024/03/27/worlds-first-mass-produced-900v-ev-drive-system-rolls-out/,19/300,4/69/876,"Dream/GT pack: 22 modules, 6,600 cylindrical cells; 220s30p (nominal ~799V, max 924V, min 550V)",220,30,22,300,6600,3.630,4.200,2.500,798.6,924.0,550.0,https://www.batterydesign.net/lucid-motors/; https://insideevs.com/news/544455/lucid-air-118kwh-battery-112kwh/
Maserati,Grancabrio/Granturismo Folgore,2025,Sedan/Wagon,AWD,90.4,229,233,231,82.0,83.0,82.5,2.448,2.555,400V class,Assumed,,-/-,-/-/-,,,,,,,,,,,,,
Maserati,Grecale Folgore,2025,SUV,AWD,57.6,206,245,226,62.0,75.0,68.5,2.033,3.915,400V class,Assumed,,-/-,-/-/-,,,,,,,,,,,,,
Mercedes-Benz,AMG EQE 4MATIC+,2025,Sedan/Wagon,AWD,95.8,220,220,220,70.0,70.0,70.0,2.077,2.296,400V class,Assumed,,9.6/170,3/27/456,,,,,,,,,,,,,
Mercedes-Benz,AMG EQE 4MATIC+ (SUV),2025,SUV,AWD,95.8,230,230,230,74.0,74.0,74.0,2.196,2.401,400V class,Assumed,,9.6/170,3/27/456,,,,,,,,,,,,,
Mercedes-Benz,AMG EQS 4MATIC+,2025,Sedan/Wagon,AWD,122.0,315,315,315,78.0,78.0,78.0,2.315,2.582,400V class,Assumed,,9.6/200,4/29/489,,,,,,,,,,,,,
Mercedes-Benz,EQE 350+,2025,Sedan/Wagon,RWD,95.7,308,308,308,94.0,94.0,94.0,2.789,3.218,400V class,Assumed,,9.6/170,3/27/456,,,,,,,,,,,,,
Mercedes-Benz,EQE 350 4MATIC,2025,Sedan/Wagon,AWD,95.8,267,267,267,86.0,86.0,86.0,2.552,2.787,400V class,Assumed,,9.6/170,3/27/456,,,,,,,,,,,,,
Mercedes-Benz,EQE 350 4MATIC (SUV),2025,SUV,AWD,95.8,253,253,253,81.0,81.0,81.0,2.404,2.641,400V class,Assumed,,9.6/170,3/27/456,,,,,,,,,,,,,
Mercedes-Benz,EQE 350+ (SUV),2025,Sedan/Wagon,RWD,101.6,302,302,302,93.0,93.0,93.0,2.760,2.972,400V class,Assumed,,9.6/170,3/23/389,,,,,,,,,,,,,
Mercedes-Benz,EQE 500 4MATIC,2025,Sedan/Wagon,AWD,95.8,266,266,266,85.0,85.0,85.0,2.522,2.777,400V class,Assumed,,9.6/170,3/27/456,,,,,,,,,,,,,
Mercedes-Benz,EQE 500 4MATIC (SUV),2025,Sedan/Wagon,AWD,95.8,264,264,264,81.0,81.0,81.0,2.404,2.756,400V class,Assumed,,9.6/170,3/27/456,,,,,,,,,,,,,
Mercedes-Benz,EQS 450+,2025,Sedan/Wagon,RWD,122.0,323,323,323,98.0,98.0,98.0,2.908,2.648,400V class,Assumed,,9.6/200,4/29/489,,,,,,,,,,,,,
Mercedes-Benz,EQS 450 4MATIC,2025,Sedan/Wagon,AWD,122.0,367,367,367,92.0,92.0,92.0,2.730,3.008,400V class,Assumed,,9.6/200,4/29/489,,,,,,,,,,,,,
Mercedes-Benz,EQS 450/580 4MATIC (SUV),2025,SUV,AWD,122.0,312,317,315,79.0,80.0,79.5,2.359,2.578,400V class,Assumed,,9.6/200,4/29/489,,,,,,,,,,,,,
Mercedes-Benz,EQS 450+ (SUV),2025,SUV,RWD,122.0,323,323,323,82.0,82.0,82.0,2.433,2.648,400V class,Assumed,,9.6/200,4/29/489,,,,,,,,,,,,,
Mercedes-Benz,EQS 580 4MATIC,2025,Sedan/Wagon,AWD,122.0,371,371,371,93.0,93.0,93.0,2.760,3.041,400V class,Assumed,,9.6/200,4/29/489,,,,,,,,,,,,,
Mercedes-Benz,EQS 680 4MATIC Maybach (SUV),2025,SUV,AWD,122.0,302,302,302,76.0,76.0,76.0,2.255,2.475,400V class,Assumed,,9.6/200,4/29/489,,,,,,,,,,,,,
Mercedes-Benz,G 580 with EQ Technology,2025,SUV,4WD,122.0,239,239,239,62.0,62.0,62.0,1.840,1.959,400V class,Assumed,,-/-,-/-/-,,,,,,,,,,,,,
Mini,Countryman SE ALL,2025,SUV,AWD,66.4,204,212,208,91.0,96.0,93.5,2.774,3.133,400V class,Assumed,,11/130,4/34/397,,,,,,,,,,,,,
Nissan,ARIYA e-4ORCE 63kWh,2025,SUV,4WD,65.8,205,205,205,95.0,95.0,95.0,2.819,3.116,400V class,Assumed,,7.2/130,4/22/312,,,,,,,,,,,,,
Nissan,ARIYA ENGAGE+/EVOLVE+/PLATINUM+ e-4ORCE 87kWh,2025,SUV,4WD,90.8,257,272,265,87.0,92.0,89.5,2.656,2.913,400V class,Assumed,,7.2/130,4/22/312,,,,,,,,,,,,,
Nissan,ARIYA EVOLVE+ FWD 87kWh,2025,SUV,FWD,90.8,289,289,289,98.0,98.0,98.0,2.908,3.183,400V class,Assumed,,7.2/130,4/22/312,,,,,,,,,,,,,
Nissan,ARIYA FWD 63kWh,2025,SUV,FWD,65.8,216,216,216,101.0,101.0,101.0,2.997,3.283,400V class,Assumed,,7.2/130,4/22/312,,,,,,,,,,,,,
Nissan,LEAF,2025,Sedan/Wagon,FWD,60.6,212,212,212,109.0,109.0,109.0,3.234,3.498,400V class,Assumed,,6.6/70,4/22/189,,,,,,,,,,,,,
Nissan,LEAF,2025,Sedan/Wagon,FWD,40.3,149,149,149,111.0,111.0,111.0,3.294,3.697,400V class,Assumed,,6.6/70,4/22/189,,,,,,,,,,,,,
Polestar,2 Dual Motor,2025,Sedan/Wagon,AWD,81.6,254,278,266,91.0,101.0,96.0,2.849,3.260,400V class,Assumed,,11/155- 205,3/30/328,,,,,,,,,,,,,
Polestar,2 Single Motor,2025,Sedan/Wagon,RWD,81.6,300,314,307,109.0,114.0,111.5,3.309,3.762,400V class,Assumed,,11/155- 205,3/30/328,,,,,,,,,,,,,
Polestar,3 Long Range Dual Motor,2025,SUV,AWD,111.0,279,315,297,77.0,88.0,82.5,2.448,2.676,400V class,Assumed,,11/250,3/29/534,,,,,,,,,,,,,
Polestar,3 Long Range Single Motor,2025,SUV,RWD,111.0,333,350,342,91.0,95.0,93.0,2.760,3.077,400V class,Assumed,,11/250,3/29/534,,,,,,,,,,,,,
Polestar,4 Long Range Dual Motor,2025,SUV,AWD,100.1,272,272,272,83.0,83.0,83.0,2.463,2.717,400V class,Assumed,,-/-,-/-/-,,,,,,,,,,,,,
Polestar,4 Long Range Single Motor,2025,SUV,RWD,100.1,300,300,300,90.0,90.0,90.0,2.671,2.997,400V class,Assumed,,-/-,-/-/-,,,,,,,,,,,,,
Porsche,Macan 4/4S/Turbo Electric,2025,SUV,AWD,140.1,288,308,298,91.0,98.0,94.5,2.804,2.127,800V class,Confirmed,https://newsroom.porsche.com/en/press-kits/the-new-porsche-macan/Batterie-und-Laden.html; https://newsroom.porsche.com/en_US/products/taycan/battery-18557.html,11/270,3/30/583,,,,,,,,,,,,,
Porsche,Taycan 4/4S,2025,Sedan/Wagon,AWD,109.7,252,315,284,80.0,93.0,86.5,2.567,2.584,800V class,Confirmed,https://newsroom.porsche.com/en/press-kits/the-new-porsche-macan/Batterie-und-Laden.html; https://newsroom.porsche.com/en_US/products/taycan/battery-18557.html,11/270,2/23/442,Performance Battery Plus: 33 modules × 12 pouch cells = 396 cells; 198s2p,198,2,33,12,396,3.652,4.200,,723.0,831.6,,https://newsroom.porsche.com/en_US/products/taycan/battery-18557.html; https://www.qnovo.com/blogs/132-why-does-the-porsche-taycan-use-800-v-battery-packs
Porsche,Taycan Perf Battery/Battery Plus,2025,Sedan/Wagon,RWD,122.4,274,318,296,91.0,92.0,91.5,2.715,2.418,800V class,Confirmed,https://newsroom.porsche.com/en/press-kits/the-new-porsche-macan/Batterie-und-Laden.html; https://newsroom.porsche.com/en_US/products/taycan/battery-18557.html,11/270,2/23/442,Performance Battery Plus: 33 modules × 12 pouch cells = 396 cells; 198s2p,198,2,33,12,396,3.652,4.200,,723.0,831.6,,https://newsroom.porsche.com/en_US/products/taycan/battery-18557.html; https://www.qnovo.com/blogs/132-why-does-the-porsche-taycan-use-800-v-battery-packs
Porsche,Taycan Turbo/Turbo S,2025,Sedan/Wagon,AWD,109.7,261,317,289,77.0,93.0,85.0,2.522,2.634,800V class,Confirmed,https://newsroom.porsche.com/en/press-kits/the-new-porsche-macan/Batterie-und-Laden.html; https://newsroom.porsche.com/en_US/products/taycan/battery-18557.html,11/270,2/23/442,Performance Battery Plus: 33 modules × 12 pouch cells = 396 cells; 198s2p,198,2,33,12,396,3.652,4.200,,723.0,831.6,,https://newsroom.porsche.com/en_US/products/taycan/battery-18557.html; https://www.qnovo.com/blogs/132-why-does-the-porsche-taycan-use-800-v-battery-packs
Rivian,R1S Dual,2025,SUV,4WD,149.7,292,410,351,72.0,84.0,78.0,2.315,2.345,400V class,Assumed,,11.5/210,2/24/349,,,,,,,,,,,,,
Rivian,R1S Dual Large,2025,SUV,4WD,116.1,289,329,309,76.0,85.0,80.5,2.389,2.661,400V class,Assumed,,11.5/210,2/24/374,,,,,,,,,,,,,
Rivian,R1S Dual Standard,2025,SUV,Part-Time 4WD,94.7,258,270,264,79.0,85.0,82.0,2.433,2.788,400V class,Assumed,,11.5/210,2/24/374,,,,,,,,,,,,,
Rivian,R1S Tri Max,2025,SUV,4WD,149.7,329,371,350,68.0,76.0,72.0,2.136,2.338,400V class,Assumed,,11.5/210,2/24/374,,,,,,,,,,,,,
Rivian,R1T Dual,2025,Pickup,4WD,149.7,292,420,356,72.0,87.0,79.5,2.359,2.378,400V class,Assumed,,11.5/210,2/24/374,,,,,,,,,,,,,
Rivian,R1T Dual Large,2025,Pickup,4WD,116.1,289,329,309,76.0,85.0,80.5,2.389,2.661,400V class,Assumed,,11.5/210,2/24/374,,,,,,,,,,,,,
Rivian,R1T Dual Standard,2025,Pickup,Part-Time 4WD,94.7,258,270,264,79.0,85.0,82.0,2.433,2.788,400V class,Assumed,,11.5/210,2/24/374,,,,,,,,,,,,,
Rivian,R1T Tri Max,2025,Pickup,4WD,149.7,329,371,350,68.0,76.0,72.0,2.136,2.338,400V class,Assumed,,11.5/210,2/24/374,,,,,,,,,,,,,
Rolls-Royce,Black Badge Spectre,2025,Sedan/Wagon,AWD,105.6,251,266,259,70.0,74.0,72.0,2.136,2.448,400V class,Assumed,,-/-,-/-/-,,,,,,,,,,,,,
Rolls-Royce,Spectre,2025,Sedan/Wagon,AWD,105.6,253,277,265,70.0,77.0,73.5,2.181,2.509,400V class,Assumed,,-/-,-/-/-,,,,,,,,,,,,,
Volkswagen,ID. Buzz,2025,Van,RWD,91.7,234,234,234,83.0,83.0,83.0,2.463,2.552,400V class,Assumed,,-/-,-/-/-,,,,,,,,,,,,,
Volkswagen,ID. Buzz 4Motion,2025,Van,AWD,91.7,231,231,231,80.0,80.0,80.0,2.374,2.519,400V class,Assumed,,-/-,-/-/-,,,,,,,,,,,,,
Volvo,EC40/EX,2025,SUV,RWD,81.6,296,298,297,106.0,106.0,106.0,3.145,3.640,400V class,Assumed,,11/149,3/28/310,,,,,,,,,,,,,
Volvo,EC40/EX40 Twin,2025,SUV,AWD,81.6,260,268,264,94.0,97.0,95.5,2.834,3.235,400V class,Assumed,,11/149,3/28/310,,,,,,,,,,,,,
Volvo,EX30 Single Motor extended range,2025,SUV,RWD,66.2,257,261,259,114.0,116.0,115.0,3.412,3.912,400V class,Assumed,,-/-,-/-/-,,,,,,,,,,,,,
Tesla,Cybertruck AWD (EPA),2025,Pickup,AWD,122.4,325,325,325,79.0,79.0,79.0,2.344,2.655,800V class,Confirmed,https://en.wikipedia.org/wiki/Tesla_Cybertruck,,,"Structural pack w/ 4680 cells; public sources cite ~816V nominal and ~123 kWh max capacity, but series/parallel not disclosed",,,,,,,,,,,,https://en.wikipedia.org/wiki/Tesla_Cybertruck; https://www.caranddriver.com/tesla/cybertruck-2025
Acura,ZDX AWD,2024,SUV,AWD,119.2,278,304,291,78.0,87.0,82.5,2.448,2.441,400V class,Assumed,,11/190,3/28/428,,,,,,,,,,,,,
Acura,ZDX RWD,2024,SUV,RWD,119.2,313,313,313,90.0,90.0,90.0,2.671,2.626,400V class,Assumed,,11/190,3/28/428,,,,,,,,,,,,,
Audi,e-tron GT/RS e-tron GT,2024,Sedan/Wagon,AWD,93.0,249,249,249,85.0,85.0,85.0,2.522,2.677,800V class,Confirmed,https://media.audiusa.com/releases/459,9.6/270,3/23/292,,,,,,,,,,,,,
Audi,Q4 40 e-tron,2024,SUV,RWD,82.0,265,265,265,103.0,103.0,103.0,3.056,3.232,400V class,Assumed,,11/125,3/31/282,,,,,,,,,,,,,
Audi,Q4 50 e-tron quattro,2024,SUV,AWD,82.0,236,242,239,93.0,95.0,94.0,2.789,2.915,400V class,Assumed,,11/125,3/31/282,,,,,,,,,,,,,
Audi,Q4 55 e-tron quattro,2024,SUV,AWD,82.4,258,258,258,100.0,100.0,100.0,2.967,3.131,400V class,Assumed,,11/125,3/31/282,,,,,,,,,,,,,
Audi,Q8 e-tron quattro,2024,SUV,AWD,114.0,285,285,285,81.0,81.0,81.0,2.404,2.500,400V class,Assumed,,11/125,3/31/282,,,,,,,,,,,,,
Audi,Q8 Sportback e-tron quattro,2024,SUV,AWD,114.0,296,296,296,87.0,87.0,87.0,2.582,2.596,400V class,Assumed,,9.6- 19.2/170,3/44/311,,,,,,,,,,,,,
Audi,Q8 Sportback e-tron ultra quattro,2024,SUV,AWD,114.0,300,300,300,86.0,86.0,86.0,2.552,2.632,400V class,Assumed,,11/125,3/31/282,,,,,,,,,,,,,
Audi,SQ8 e-tron/Sportback e-tron,2024,SUV,AWD,114.0,218,253,236,63.0,73.0,68.0,2.018,2.066,400V class,Assumed,,-/-,-/-/-,,,,,,,,,,,,,
BMW,i4 eDrive35 Gran Coupe,2024,Sedan/Wagon,RWD,84.0,252,276,264,110.0,120.0,115.0,3.412,3.143,400V class,Assumed,,11/195,4/33/463,,,,,,,,,,,,,
BMW,i4 eDrive40 Gran Coupe,2024,Sedan/Wagon,RWD,84.0,283,301,292,100.0,109.0,104.5,3.101,3.476,400V class,Assumed,,11/195,4/33/463,,,,,,,,,,,,,
BMW,i4 M50 Gran Coupe,2024,Sedan/Wagon,AWD,105.0,227,269,248,80.0,95.0,87.5,2.596,2.362,400V class,Assumed,,11/196,4/33/463,,,,,,,,,,,,,
BMW,i4 xDrive40 Gran Coupe,2024,Sedan/Wagon,AWD,105.0,279,307,293,99.0,109.0,104.0,3.086,2.790,400V class,Assumed,,11/195,4/33/463,,,,,,,,,,,,,
BMW,i5 eDrive40 Sedan,2024,Sedan/Wagon,RWD,84.0,270,295,283,96.0,105.0,100.5,2.982,3.363,400V class,Assumed,,-/-,-/-/-,,,,,,,,,,,,,
BMW,i5 M60 xDrive Sedan,2024,Sedan/Wagon,4WD,84.0,240,256,248,85.0,91.0,88.0,2.611,2.952,400V class,Assumed,,-/-,-/-/-,,,,,,,,,,,,,
BMW,i7 eDrive50 Sedan,2024,Sedan/Wagon,RWD,105.0,301,321,311,86.0,90.0,88.0,2.611,2.962,400V class,Assumed,,11/195,4/33/412,,,,,,,,,,,,,
BMW,i7 M70 xDrive Sedan,2024,Sedan/Wagon,AWD,111.0,274,291,283,77.0,81.0,79.0,2.344,2.545,400V class,Assumed,,11/195,4/33/412,,,,,,,,,,,,,
BMW,i7 xDrive60 Sedan,2024,Sedan/Wagon,4WD,105.0,298,317,308,84.0,90.0,87.0,2.582,2.929,400V class,Assumed,,11/195,4/33/412,,,,,,,,,,,,,
BMW,iX M,2024,SUV,AWD,111.0,296,296,296,80.0,80.0,80.0,2.374,2.667,400V class,Assumed,,11/195,3/28/393,,,,,,,,,,,,,
BMW,iX xDrive,2024,SUV,AWD,111.0,217,217,217,86.0,86.0,86.0,2.552,1.955,400V class,Assumed,,11/195,3/28/393,,,,,,,,,,,,,
BMW,iX xDrive,2024,SUV,AWD,111.0,307,307,307,83.0,83.0,83.0,2.463,2.766,400V class,Assumed,,11/195,3/28/393,,,,,,,,,,,,,
Bugatti Rimac,Nevera,2024,Sedan/Wagon,4WD,153.6,204,204,204,53.0,53.0,53.0,1.573,1.328,400V class,Assumed,,-/-,-/-/-,,,,,,,,,,,,,
Cadillac,Lyric,2024,SUV,RWD,119.0,314,314,314,88.0,88.0,88.0,2.611,2.639,400V class,Assumed,,11.5- 19.2/190,4/29/401,,,,,,,,,,,,,
Cadillac,Lyric AWD,2024,SUV,AWD,119.2,307,307,307,89.0,89.0,89.0,2.641,2.576,400V class,Assumed,,11.5- 19.2/190,4/29/401,,,,,,,,,,,,,
Chevrolet,Blazer EV AWD,2024,SUV,AWD,99.0,279,279,279,96.0,96.0,96.0,2.849,2.818,400V class,Assumed,,11.5/150- 190,3/33/342,,,,,,,,,,,,,
Chevrolet,Blazer EV RWD,2024,SUV,RWD,119.2,324,324,324,92.0,92.0,92.0,2.730,2.718,400V class,Assumed,,11.5/150- 190,3/33/342,,,,,,,,,,,,,
Chevrolet,Equinox EV AWD,2024,SUV,AWD,99.8,285,285,285,96.0,96.0,96.0,2.849,2.856,400V class,Assumed,,-/-,-/-/-,,,,,,,,,,,,,
Chevrolet,Equinox EV FWD,2024,SUV,FWD,99.8,319,319,319,108.0,108.0,108.0,3.205,3.196,400V class,Assumed,,-/-,-/-/-,,,,,,,,,,,,,
Chevrolet,Silverado EV,2024,Pickup,AWD,208.0,450,450,450,63.0,63.0,63.0,1.869,2.163,400V class,Assumed,,-/-,-/-/-,,,,,,,,,,,,,
Chevrolet,Silverado EV,2024,Pickup,AWD,168.0,393,393,393,67.0,67.0,67.0,1.988,2.339,400V class,Assumed,,-/-,-/-/-,,,,,,,,,,,,,
Dodge,Charger 2-Dr Daytona,2024,Sedan/Wagon,AWD,115.8,,,,70.0,98.0,84.0,2.493,,400V class,Assumed,,-/-,-/-/-,,,,,,,,,,,,,
Fiat,500e,2024,Sedan/Wagon,FWD,42.2,141,149,145,110.0,116.0,113.0,3.353,3.436,400V class,Assumed,,-/-,-/-/-,,,,,,,,,,,,,
Fisker Automotive,Ocean Sport,2024,SUV,FWD,75.3,194,231,213,79.0,92.0,85.5,2.537,2.822,400V class,Assumed,,-/-,-/-/-,,,,,,,,,,,,,
Ford,F150 Lightning 4WD,2024,Pickup,AWD,124.0,240,240,240,68.0,68.0,68.0,2.018,1.935,400V class,Assumed,,11.6- 19.6/150,2/24- 40/249,,,,,,,,,,,,,
Ford,F150 Lightning 4WD Plat/Ext. Range,2024,Pickup,AWD,165.2,300,320,310,66.0,70.0,68.0,2.018,1.877,400V class,Assumed,,11.6- 19.6/150,2/24- 40/249,,,,,,,,,,,,,
Ford,Mustang Mach-E AWD,2024,SUV,AWD,91.4,230,230,230,91.0,91.0,91.0,2.700,2.516,400V class,Assumed,,11/115- 150,3/30/331,,,,,,,,,,,,,
Ford,Mustang Mach-E AWD Extended,2024,SUV,AWD,116.4,300,300,300,99.0,99.0,99.0,2.938,2.577,400V class,Assumed,,11/115- 150,3/30/331,,,,,,,,,,,,,
Ford,Mustang Mach-E GT/Rally,2024,SUV,AWD,116.4,265,280,273,86.0,90.0,88.0,2.611,2.341,400V class,Assumed,,11/115- 150,3/30/331,,,,,,,,,,,,,
Ford,Mustang Mach-E RWD,2024,SUV,RWD,116.4,250,320,285,102.0,106.0,104.0,3.086,2.448,400V class,Assumed,,11/115- 150,3/30/331,,,,,,,,,,,,,
Genesis,Electrified G,2024,Sedan/Wagon,AWD,77.0,236,236,236,91.0,91.0,91.0,2.700,3.065,400V class,Assumed,,11/230,3/29/497,,,,,,,,,,,,,
Genesis,Electrified G,2024,Sedan/Wagon,AWD,87.0,282,282,282,97.0,97.0,97.0,2.878,3.241,400V class,Assumed,,11/230,3/32/530,,,,,,,,,,,,,
Genesis,GV60 Advanced/Performance,2024,SUV,AWD,77.0,248,264,256,95.0,100.0,97.5,2.893,3.325,800V class,Confirmed,https://www.prnewswire.com/news-releases/hyundai-motor-group-to-lead-charge-into-electric-era-with-dedicated-ev-platform-e-gmp-301183314.html; https://newsroom.genesis.com/genesis-premieres-the-gv60-a-luxury-ev-that-connects-a-vehicle-to-a-driver/,11/230,3/29/497,,,,,,,,,,,,,
Genesis,GV60 Standard,2024,SUV,RWD,77.0,294,294,294,112.0,112.0,112.0,3.323,3.818,800V class,Confirmed,https://www.prnewswire.com/news-releases/hyundai-motor-group-to-lead-charge-into-electric-era-with-dedicated-ev-platform-e-gmp-301183314.html; https://newsroom.genesis.com/genesis-premieres-the-gv60-a-luxury-ev-that-connects-a-vehicle-to-a-driver/,11/230,3/29/491,,,,,,,,,,,,,
GMC,Hummer EV Pickup,2024,Pickup,AWD,199.1,279,314,297,47.0,53.0,50.0,1.484,1.489,400V class,Assumed,,-/-,-/-/-,,,,,,,,,,,,,
GMC,Hummer EV SUV,2024,SUV,AWD,199.1,279,314,297,47.0,53.0,50.0,1.484,1.489,400V class,Assumed,,-/-,-/-/-,,,,,,,,,,,,,
Honda,Prologue AWD Elite/Touring,2024,SUV,AWD,100.1,273,281,277,92.0,95.0,93.5,2.774,2.767,400V class,Assumed,,-/-,-/-/-,,,,,,,,,,,,,
Honda,Prologue FWD,2024,SUV,FWD,100.1,296,296,296,99.0,99.0,99.0,2.938,2.957,400V class,Assumed,,-/-,-/-/-,,,,,,,,,,,,,
Hyundai,Ioniq 5 Long range AWD,2024,SUV,AWD,77.0,260,260,260,99.0,99.0,99.0,2.938,3.377,800V class,Confirmed,https://www.prnewswire.com/news-releases/hyundai-motor-group-to-lead-charge-into-electric-era-with-dedicated-ev-platform-e-gmp-301183314.html; https://newsroom.genesis.com/genesis-premieres-the-gv60-a-luxury-ev-that-connects-a-vehicle-to-a-driver/,11/199,4/35/503,,,,,,,,,,,,,
Hyundai,Ioniq 5 Long range RWD,2024,SUV,RWD,77.0,303,303,303,114.0,114.0,114.0,3.383,3.935,800V class,Confirmed,https://www.prnewswire.com/news-releases/hyundai-motor-group-to-lead-charge-into-electric-era-with-dedicated-ev-platform-e-gmp-301183314.html; https://newsroom.genesis.com/genesis-premieres-the-gv60-a-luxury-ev-that-connects-a-vehicle-to-a-driver/,11/199,4/35/503,,,,,,,,,,,,,
Hyundai,Ioniq 5 Standard range RWD,2024,SUV,RWD,58.0,220,220,220,110.0,110.0,110.0,3.264,3.793,800V class,Confirmed,https://www.prnewswire.com/news-releases/hyundai-motor-group-to-lead-charge-into-electric-era-with-dedicated-ev-platform-e-gmp-301183314.html; https://newsroom.genesis.com/genesis-premieres-the-gv60-a-luxury-ev-that-connects-a-vehicle-to-a-driver/,11/199,4/35/503,,,,,,,,,,,,,
Hyundai,Ioniq 6 Long range AWD,2024,Sedan/Wagon,AWD,77.0,270,316,293,103.0,121.0,112.0,3.323,3.805,800V class,Confirmed,https://www.prnewswire.com/news-releases/hyundai-motor-group-to-lead-charge-into-electric-era-with-dedicated-ev-platform-e-gmp-301183314.html; https://newsroom.genesis.com/genesis-premieres-the-gv60-a-luxury-ev-that-connects-a-vehicle-to-a-driver/,-/-,-/-/-,,,,,,,,,,,,,
Hyundai,Ioniq 6 Long range RWD,2024,Sedan/Wagon,RWD,77.0,305,361,333,117.0,140.0,128.5,3.813,4.325,800V class,Confirmed,https://www.prnewswire.com/news-releases/hyundai-motor-group-to-lead-charge-into-electric-era-with-dedicated-ev-platform-e-gmp-301183314.html; https://newsroom.genesis.com/genesis-premieres-the-gv60-a-luxury-ev-that-connects-a-vehicle-to-a-driver/,-/-,-/-/-,,,,,,,,,,,,,
Hyundai,Ioniq 6 Standard range RWD,2024,Sedan/Wagon,RWD,53.0,240,240,240,135.0,135.0,135.0,4.006,4.528,800V class,Confirmed,https://www.prnewswire.com/news-releases/hyundai-motor-group-to-lead-charge-into-electric-era-with-dedicated-ev-platform-e-gmp-301183314.html; https://newsroom.genesis.com/genesis-premieres-the-gv60-a-luxury-ev-that-connects-a-vehicle-to-a-driver/,-/-,-/-/-,,,,,,,,,,,,,
Hyundai,Kona Electric,2024,SUV,FWD,48.0,200,261,231,116.0,118.0,117.0,3.472,4.802,400V class,Assumed,,11/100,4/25/208,,,,,,,,,,,,,
Jaguar,I-PACE EV,2024,SUV,4WD,86.0,217,246,232,76.0,85.0,80.5,2.389,2.692,400V class,Assumed,,7/100,3/16/180,,,,,,,,,,,,,
Jeep,Wagoneer S AWD,2024,SUV,AWD,115.8,270,303,287,87.0,97.0,92.0,2.730,2.474,400V class,Assumed,,-/-,-/-/-,,,,,,,,,,,,,
Kia,EV6 AWD GT,2024,SUV,AWD,77.0,218,218,218,83.0,83.0,83.0,2.463,2.831,800V class,Confirmed,https://www.prnewswire.com/news-releases/hyundai-motor-group-to-lead-charge-into-electric-era-with-dedicated-ev-platform-e-gmp-301183314.html; https://newsroom.genesis.com/genesis-premieres-the-gv60-a-luxury-ev-that-connects-a-vehicle-to-a-driver/,11/200,4/36/527,192s2p (384 cells); nominal 697V; voltage range 806–480V,192,2,,,384,3.630,4.198,2.500,697.0,806.0,480.0,https://www.batterydesign.net/2022-kia-ev6/
Kia,EV6 Long Range AWD,2024,SUV,AWD,77.0,252,282,267,96.0,109.0,102.5,3.042,3.468,800V class,Confirmed,https://www.prnewswire.com/news-releases/hyundai-motor-group-to-lead-charge-into-electric-era-with-dedicated-ev-platform-e-gmp-301183314.html; https://newsroom.genesis.com/genesis-premieres-the-gv60-a-luxury-ev-that-connects-a-vehicle-to-a-driver/,11/200,4/36/527,192s2p (384 cells); nominal 697V; voltage range 806–480V,192,2,,,384,3.630,4.198,2.500,697.0,806.0,480.0,https://www.batterydesign.net/2022-kia-ev6/
Kia,EV6 Long Range RWD,2024,SUV,RWD,77.0,310,310,310,117.0,117.0,117.0,3.472,4.026,800V class,Confirmed,https://www.prnewswire.com/news-releases/hyundai-motor-group-to-lead-charge-into-electric-era-with-dedicated-ev-platform-e-gmp-301183314.html; https://newsroom.genesis.com/genesis-premieres-the-gv60-a-luxury-ev-that-connects-a-vehicle-to-a-driver/,11/200,4/36/527,192s2p (384 cells); nominal 697V; voltage range 806–480V,192,2,,,384,3.630,4.198,2.500,697.0,806.0,480.0,https://www.batterydesign.net/2022-kia-ev6/
Kia,EV6 Standard Range RWD,2024,SUV,RWD,77.0,232,232,232,117.0,117.0,117.0,3.472,3.013,800V class,Confirmed,https://www.prnewswire.com/news-releases/hyundai-motor-group-to-lead-charge-into-electric-era-with-dedicated-ev-platform-e-gmp-301183314.html; https://newsroom.genesis.com/genesis-premieres-the-gv60-a-luxury-ev-that-connects-a-vehicle-to-a-driver/,11/200,4/36/527,192s2p (384 cells); nominal 697V; voltage range 806–480V,192,2,,,384,3.630,4.198,2.500,697.0,806.0,480.0,https://www.batterydesign.net/2022-kia-ev6/
Kia,EV9 Long Range AWD,2024,SUV,AWD,99.0,270,280,275,80.0,83.0,81.5,2.418,2.778,800V class,Confirmed,https://www.prnewswire.com/news-releases/hyundai-motor-group-to-lead-charge-into-electric-era-with-dedicated-ev-platform-e-gmp-301183314.html; https://newsroom.genesis.com/genesis-premieres-the-gv60-a-luxury-ev-that-connects-a-vehicle-to-a-driver/,-/-,-/-/-,,,,,,,,,,,,,
Kia,EV9 Long Range RWD,2024,SUV,RWD,99.0,304,304,304,89.0,89.0,89.0,2.641,3.071,800V class,Confirmed,https://www.prnewswire.com/news-releases/hyundai-motor-group-to-lead-charge-into-electric-era-with-dedicated-ev-platform-e-gmp-301183314.html; https://newsroom.genesis.com/genesis-premieres-the-gv60-a-luxury-ev-that-connects-a-vehicle-to-a-driver/,-/-,-/-/-,,,,,,,,,,,,,
Kia,EV9 Standard Range RWD,2024,SUV,RWD,76.0,230,230,230,88.0,88.0,88.0,2.611,3.026,800V class,Confirmed,https://www.prnewswire.com/news-releases/hyundai-motor-group-to-lead-charge-into-electric-era-with-dedicated-ev-platform-e-gmp-301183314.html; https://newsroom.genesis.com/genesis-premieres-the-gv60-a-luxury-ev-that-connects-a-vehicle-to-a-driver/,-/-,-/-/-,,,,,,,,,,,,,
Kia,Niro Electric,2024,SUV,FWD,64.0,253,253,253,113.0,113.0,113.0,3.353,3.953,400V class,Assumed,,7.2/75,4/24/199,,,,,,,,,,,,,
Lexus,RZ 300e,2024,SUV,FWD,72.8,224,270,247,105.0,125.0,115.0,3.412,3.393,400V class,Assumed,,-/-,-/-/-,,,,,,,,,,,,,
Lexus,RZ 450e,2024,SUV,AWD,71.4,196,220,208,95.0,107.0,101.0,2.997,2.913,400V class,Assumed,,6.6/100- 150,4/23/353,,,,,,,,,,,,,
Lucid,Air G Touring XR AWD,2024,Sedan/Wagon,AWD,136.8,450,516,483,113.0,129.0,121.0,3.591,3.531,900V class,Confirmed,https://www.batterydesign.net/lucid-motors/; https://electrek.co/2024/03/27/worlds-first-mass-produced-900v-ev-drive-system-rolls-out/,19/300,4/69/876,"Dream/GT pack: 22 modules, 6,600 cylindrical cells; 220s30p (nominal ~799V, max 924V, min 550V)",220,30,22,300,6600,3.630,4.200,2.500,798.6,924.0,550.0,https://www.batterydesign.net/lucid-motors/; https://insideevs.com/news/544455/lucid-air-118kwh-battery-112kwh/
Lucid,Air Pure RWD,2024,Sedan/Wagon,RWD,86.0,394,419,407,130.0,137.0,133.5,3.961,4.727,900V class,Confirmed,https://www.batterydesign.net/lucid-motors/; https://electrek.co/2024/03/27/worlds-first-mass-produced-900v-ev-drive-system-rolls-out/,19/300,4/69/876,"Dream/GT pack: 22 modules, 6,600 cylindrical cells; 220s30p (nominal ~799V, max 924V, min 550V)",220,30,22,300,6600,3.630,4.200,2.500,798.6,924.0,550.0,https://www.batterydesign.net/lucid-motors/; https://insideevs.com/news/544455/lucid-air-118kwh-battery-112kwh/
Lucid,Air Sapphire AWD,2024,Sedan/Wagon,AWD,120.0,427,427,427,105.0,105.0,105.0,3.116,3.558,900V class,Confirmed,https://www.batterydesign.net/lucid-motors/; https://electrek.co/2024/03/27/worlds-first-mass-produced-900v-ev-drive-system-rolls-out/,19/300,4/69/876,"Dream/GT pack: 22 modules, 6,600 cylindrical cells; 220s30p (nominal ~799V, max 924V, min 550V)",220,30,22,300,6600,3.630,4.200,2.500,798.6,924.0,550.0,https://www.batterydesign.net/lucid-motors/; https://insideevs.com/news/544455/lucid-air-118kwh-battery-112kwh/
Lucid,Air Touring AWD,2024,Sedan/Wagon,AWD,136.8,365,411,388,118.0,133.0,125.5,3.724,2.836,900V class,Confirmed,https://www.batterydesign.net/lucid-motors/; https://electrek.co/2024/03/27/worlds-first-mass-produced-900v-ev-drive-system-rolls-out/,19/300,4/69/876,"Dream/GT pack: 22 modules, 6,600 cylindrical cells; 220s30p (nominal ~799V, max 924V, min 550V)",220,30,22,300,6600,3.630,4.200,2.500,798.6,924.0,550.0,https://www.batterydesign.net/lucid-motors/; https://insideevs.com/news/544455/lucid-air-118kwh-battery-112kwh/
Maserati,Grancabrio/Granturismo Folgore,2024,Sedan/Wagon,AWD,45.6,233,242,238,82.0,87.0,84.5,2.507,5.208,400V class,Assumed,,-/-,-/-/-,,,,,,,,,,,,,
Mercedes-Benz,AMG EQE 4MATIC+,2024,Sedan/Wagon,AWD,95.0,230,230,230,73.0,73.0,73.0,2.166,2.421,400V class,Assumed,,9.6/170,3/22/456,,,,,,,,,,,,,
Mercedes-Benz,AMG EQE 4MATIC+,2024,Sedan/Wagon,AWD,95.8,230,230,230,73.0,73.0,73.0,2.166,2.401,400V class,Assumed,,9.6/170,3/22/456,,,,,,,,,,,,,
Mercedes-Benz,AMG EQE 4MATIC+ (SUV),2024,SUV,AWD,95.0,235,235,235,74.0,74.0,74.0,2.196,2.474,400V class,Assumed,,9.6/170,3/22/456,,,,,,,,,,,,,
Mercedes-Benz,AMG EQE 4MATIC+ (SUV),2024,SUV,AWD,95.8,235,235,235,74.0,74.0,74.0,2.196,2.453,400V class,Assumed,,9.6/170,3/22/456,,,,,,,,,,,,,
Mercedes-Benz,AMG EQS 4MATIC+,2024,Sedan/Wagon,AWD,111.0,305,305,305,82.0,82.0,82.0,2.433,2.748,400V class,Assumed,,9.6/200,4/29/489,,,,,,,,,,,,,
Mercedes-Benz,EQB 250+,2024,SUV,FWD,72.2,251,251,251,107.0,107.0,107.0,3.175,3.476,400V class,Assumed,,9.6/100,3/27/228,,,,,,,,,,,,,
Mercedes-Benz,EQB 300 4MATIC,2024,SUV,AWD,72.2,205,205,205,87.0,87.0,87.0,2.582,2.839,400V class,Assumed,,9.6/100,3/27/228,,,,,,,,,,,,,
Mercedes-Benz,EQB 350 4MATIC,2024,SUV,AWD,72.2,207,207,207,87.0,87.0,87.0,2.582,2.867,400V class,Assumed,,9.6/100,3/27/228,,,,,,,,,,,,,
Mercedes-Benz,EQE 350+,2024,Sedan/Wagon,RWD,95.0,298,298,298,96.0,96.0,96.0,2.849,3.137,400V class,Assumed,,9.6/170,3/22/456,,,,,,,,,,,,,
Mercedes-Benz,EQE 350 4MATIC,2024,Sedan/Wagon,AWD,95.0,280,280,280,90.0,90.0,90.0,2.671,2.947,400V class,Assumed,,9.6/170,3/22/456,,,,,,,,,,,,,
Mercedes-Benz,EQE 350 4MATIC (SUV),2024,SUV,AWD,88.9,265,265,265,85.0,85.0,85.0,2.522,2.981,400V class,Assumed,,9.6/171,3/23/389,,,,,,,,,,,,,
Mercedes-Benz,EQE 350+ (SUV),2024,SUV,RWD,101.6,307,307,307,94.0,94.0,94.0,2.789,3.022,400V class,Assumed,,9.6/171,3/23/389,,,,,,,,,,,,,
Mercedes-Benz,EQE 500 4MATIC,2024,Sedan/Wagon,AWD,88.0,298,298,298,96.0,96.0,96.0,2.849,3.386,400V class,Assumed,,9.6/170,3/22/456,,,,,,,,,,,,,
Mercedes-Benz,EQE 500 4MATIC (SUV),2024,SUV,AWD,95.7,282,282,282,86.0,86.0,86.0,2.552,2.947,400V class,Assumed,,9.6/171,3/23/389,,,,,,,,,,,,,
Mercedes-Benz,EQS 450+,2024,Sedan/Wagon,RWD,111.0,352,352,352,96.0,96.0,96.0,2.849,3.171,400V class,Assumed,,9.6/200,3/27/489,,,,,,,,,,,,,
Mercedes-Benz,EQS 450 4MATIC,2024,Sedan/Wagon,AWD,107.0,345,345,345,95.0,95.0,95.0,2.819,3.224,400V class,Assumed,,9.6/200,3/27/489,,,,,,,,,,,,,
Mercedes-Benz,EQS 450/580 4MATIC (SUV),2024,SUV,AWD,122.0,330,330,330,83.0,83.0,83.0,2.463,2.705,400V class,Assumed,,9.6/200,3/22/366,,,,,,,,,,,,,
Mercedes-Benz,EQS 450+ (SUV),2024,SUV,RWD,122.0,339,339,339,86.0,86.0,86.0,2.552,2.779,400V class,Assumed,,9.6/200,3/22/366,,,,,,,,,,,,,
Mercedes-Benz,EQS 580 4MATIC,2024,Sedan/Wagon,AWD,107.0,345,345,345,96.0,96.0,96.0,2.849,3.224,400V class,Assumed,,9.6/200,3/27/489,,,,,,,,,,,,,
Mercedes-Benz,EQS 680 4MATIC Maybach (SUV),2024,SUV,AWD,122.0,321,321,321,81.0,81.0,81.0,2.404,2.631,400V class,Assumed,,9.6/200,3/22/366,,,,,,,,,,,,,
Mercedes-Benz,EQS 680 4MATIC Maybach (SUV),2024,SUV,AWD,111.0,280,280,280,76.0,76.0,76.0,2.255,2.523,400V class,Assumed,,9.6/200,3/27/489,,,,,,,,,,,,,
Mini,Cooper SE Hardtop 2 door,2024,Sedan/Wagon,FWD,32.0,114,114,114,110.0,110.0,110.0,3.264,3.563,400V class,Assumed,,7.4/-,4/28/128,,,,,,,,,,,,,
Nissan,ARIYA ENGAGE e-4ORCE 63kWh,2024,Sedan/Wagon,AWD,65.8,205,205,205,95.0,95.0,95.0,2.819,3.116,400V class,Assumed,,7.2/130,4/22/312,,,,,,,,,,,,,
Nissan,ARIYA ENGAGE+/EVOLVE+ e- 4ORCE 87kWh,2024,Sedan/Wagon,AWD,90.8,272,272,272,92.0,92.0,92.0,2.730,2.996,400V class,Assumed,,7.2/130,4/22/312,,,,,,,,,,,,,
Nissan,ARIYA ENGAGE FWD 63kWh,2024,Sedan/Wagon,FWD,65.8,216,216,216,101.0,101.0,101.0,2.997,3.283,400V class,Assumed,,7.2/130,4/22/312,,,,,,,,,,,,,
Nissan,ARIYA EVOLVE+/EMPOWER+/VENTURE+ FWD 87kWh,2024,Sedan/Wagon,FWD,90.8,289,304,297,98.0,103.0,100.5,2.982,3.265,400V class,Assumed,,7.2/130,4/22/312,,,,,,,,,,,,,
Nissan,ARIYA PLATINUM+ e-4ORCE 87kWh,2024,Sedan/Wagon,AWD,90.8,257,267,262,87.0,90.0,88.5,2.626,2.885,400V class,Assumed,,7.2/130,4/22/312,,,,,,,,,,,,,
Nissan,LEAF,2024,Sedan/Wagon,FWD,40.0,149,149,149,111.0,111.0,111.0,3.294,3.725,400V class,Assumed,,6.6/70,4/22/189,,,,,,,,,,,,,
Nissan,LEAF SV,2024,Sedan/Wagon,FWD,60.0,212,212,212,109.0,109.0,109.0,3.234,3.533,400V class,Assumed,,6.6/70,4/22/189,,,,,,,,,,,,,
Polestar,Polestar 2 Dual Motor,2024,Sedan/Wagon,AWD,77.0,266,276,271,102.0,106.0,104.0,3.086,3.519,400V class,Assumed,,11/150,3/30/328,,,,,,,,,,,,,
Polestar,Polestar 2 Dual Motor Performance Pack,2024,Sedan/Wagon,AWD,77.0,247,247,247,95.0,95.0,95.0,2.819,3.208,400V class,Assumed,,11/150,3/30/328,,,,,,,,,,,,,
Polestar,Polestar 2 Single Motor,2024,Sedan/Wagon,RWD,81.0,307,320,314,111.0,115.0,113.0,3.353,3.870,400V class,Assumed,,11/150,3/30/328,,,,,,,,,,,,,
Porsche,Macan Electric,2024,SUV,AWD,140.1,288,308,298,91.0,98.0,94.5,2.804,2.127,800V class,Confirmed,https://newsroom.porsche.com/en/press-kits/the-new-porsche-macan/Batterie-und-Laden.html; https://newsroom.porsche.com/en_US/products/taycan/battery-18557.html,11/270,3/30/583,,,,,,,,,,,,,
Porsche,Taycan 4S Cross Turismo,2024,Sedan/Wagon,AWD,109.7,230,230,230,78.0,78.0,78.0,2.315,2.097,800V class,Confirmed,https://newsroom.porsche.com/en/press-kits/the-new-porsche-macan/Batterie-und-Laden.html; https://newsroom.porsche.com/en_US/products/taycan/battery-18557.html,11/270,2/23/442,Performance Battery Plus: 33 modules × 12 pouch cells = 396 cells; 198s2p,198,2,33,12,396,3.652,4.200,,723.0,831.6,,https://newsroom.porsche.com/en_US/products/taycan/battery-18557.html; https://www.qnovo.com/blogs/132-why-does-the-porsche-taycan-use-800-v-battery-packs
Porsche,Taycan 4S Perf Battery/Plus,2024,Sedan/Wagon,AWD,109.0,206,235,221,80.0,82.0,81.0,2.404,2.023,800V class,Confirmed,https://newsroom.porsche.com/en/press-kits/the-new-porsche-macan/Batterie-und-Laden.html; https://newsroom.porsche.com/en_US/products/taycan/battery-18557.html,11/270,2/23/442,Performance Battery Plus: 33 modules × 12 pouch cells = 396 cells; 198s2p,198,2,33,12,396,3.652,4.200,,723.0,831.6,,https://newsroom.porsche.com/en_US/products/taycan/battery-18557.html; https://www.qnovo.com/blogs/132-why-does-the-porsche-taycan-use-800-v-battery-packs
Porsche,Taycan Cross Turismo,2024,Sedan/Wagon,AWD,109.0,222,235,229,75.0,80.0,77.5,2.300,2.096,800V class,Confirmed,https://newsroom.porsche.com/en/press-kits/the-new-porsche-macan/Batterie-und-Laden.html; https://newsroom.porsche.com/en_US/products/taycan/battery-18557.html,11/270,2/23/442,Performance Battery Plus: 33 modules × 12 pouch cells = 396 cells; 198s2p,198,2,33,12,396,3.652,4.200,,723.0,831.6,,https://newsroom.porsche.com/en_US/products/taycan/battery-18557.html; https://www.qnovo.com/blogs/132-why-does-the-porsche-taycan-use-800-v-battery-packs
Porsche,Taycan GTS Sport Turismo,2024,Sedan/Wagon,AWD,109.0,233,246,240,80.0,83.0,81.5,2.418,2.197,800V class,Confirmed,https://newsroom.porsche.com/en/press-kits/the-new-porsche-macan/Batterie-und-Laden.html; https://newsroom.porsche.com/en_US/products/taycan/battery-18557.html,11/270,2/23/442,Performance Battery Plus: 33 modules × 12 pouch cells = 396 cells; 198s2p,198,2,33,12,396,3.652,4.200,,723.0,831.6,,https://newsroom.porsche.com/en_US/products/taycan/battery-18557.html; https://www.qnovo.com/blogs/132-why-does-the-porsche-taycan-use-800-v-battery-packs
Porsche,Taycan Perf Battery/Plus,2024,Sedan/Wagon,RWD,109.0,208,242,225,82.0,83.0,82.5,2.448,2.064,800V class,Confirmed,https://newsroom.porsche.com/en/press-kits/the-new-porsche-macan/Batterie-und-Laden.html; https://newsroom.porsche.com/en_US/products/taycan/battery-18557.html,11/270,2/23/442,Performance Battery Plus: 33 modules × 12 pouch cells = 396 cells; 198s2p,198,2,33,12,396,3.652,4.200,,723.0,831.6,,https://newsroom.porsche.com/en_US/products/taycan/battery-18557.html; https://www.qnovo.com/blogs/132-why-does-the-porsche-taycan-use-800-v-battery-packs
Porsche,Taycan Turbo/Turbo S,2024,Sedan/Wagon,AWD,109.0,222,238,230,75.0,81.0,78.0,2.315,2.110,800V class,Confirmed,https://newsroom.porsche.com/en/press-kits/the-new-porsche-macan/Batterie-und-Laden.html; https://newsroom.porsche.com/en_US/products/taycan/battery-18557.html,11/270,2/23/442,Performance Battery Plus: 33 modules × 12 pouch cells = 396 cells; 198s2p,198,2,33,12,396,3.652,4.200,,723.0,831.6,,https://newsroom.porsche.com/en_US/products/taycan/battery-18557.html; https://www.qnovo.com/blogs/132-why-does-the-porsche-taycan-use-800-v-battery-packs
Rivian,R1S All-Terrain Quad Large (20in),2024,SUV,AWD,144.0,274,274,274,63.0,63.0,63.0,1.869,1.903,400V class,Assumed,,11.5/209,2/24/349,,,,,,,,,,,,,
Rivian,R1S Dual,2024,SUV,Part-Time 4WD,144.0,255,352,304,65.0,78.0,71.5,2.122,2.108,400V class,Assumed,,11.5/209,2/24/349,,,,,,,,,,,,,
Rivian,R1S Dual Max,2024,SUV,Part-Time 4WD,149.7,355,400,378,73.0,82.0,77.5,2.300,2.522,400V class,Assumed,,11.5/209,2/24/349,,,,,,,,,,,,,
Rivian,R1S Quad Large,2024,SUV,AWD,144.0,289,321,305,64.0,71.0,67.5,2.003,2.118,400V class,Assumed,,11.5/209,2/24/349,,,,,,,,,,,,,
Rivian,R1T Dual,2024,Pickup,Part-Time 4WD,144.0,255,352,304,65.0,78.0,71.5,2.122,2.108,400V class,Assumed,,11.5/210,2/24/344,,,,,,,,,,,,,
Rivian,R1T Dual Max,2024,Pickup,Part-Time 4WD,149.7,355,410,383,73.0,84.0,78.5,2.329,2.555,400V class,Assumed,,11.5/210,2/24/344,,,,,,,,,,,,,
Rivian,R1T Quad Large,2024,Pickup,AWD,144.0,274,328,301,63.0,73.0,68.0,2.018,2.090,400V class,Assumed,,11.5/210,2/24/344,,,,,,,,,,,,,
Rolls-Royce,Black Badge Spectre,2024,Sedan/Wagon,AWD,105.0,264,280,272,73.0,78.0,75.5,2.240,2.590,400V class,Assumed,,-/-,-/-/-,,,,,,,,,,,,,
Rolls-Royce,Spectre,2024,Sedan/Wagon,AWD,105.0,266,291,279,74.0,81.0,77.5,2.300,2.652,400V class,Assumed,,-/-,-/-/-,,,,,,,,,,,,,
Subaru,Solterra,2024,SUV,AWD,72.0,222,227,225,102.0,104.0,103.0,3.056,3.118,400V class,Assumed,,6.6/100- 150,4/23/353,,,,,,,,,,,,,
Tesla,Model 3 Long Range AWD,2024,Sedan/Wagon,AWD,81.4,303,342,323,112.0,130.0,121.0,3.591,3.962,400V class,Assumed,,11.5/250,4/41/712,,,,,,,,,,,,,
Tesla,Model 3 Long Range AWD-E,2024,Sedan/Wagon,AWD,81.4,341,341,341,128.0,128.0,128.0,3.798,4.189,400V class,Assumed,,11.5/250,4/41/712,,,,,,,,,,,,,
Tesla,Model 3 RWD,2024,Sedan/Wagon,RWD,60.2,272,363,318,132.0,137.0,134.5,3.991,5.274,400V class,Assumed,,11.5/250,4/41/712,,,,,,,,,,,,,
Tesla,Model S,2024,Sedan/Wagon,AWD,104.4,402,402,402,122.0,122.0,122.0,3.620,3.851,400V class,Assumed,,11.5/250,4/38/653,,,,,,,,,,,,,
Tesla,Model S Plaid,2024,Sedan/Wagon,AWD,105.0,320,359,340,96.0,107.0,101.5,3.012,3.233,400V class,Assumed,,11.5/250,4/38/653,,,,,,,,,,,,,
Tesla,Model X,2024,SUV,AWD,105.0,300,335,318,90.0,100.0,95.0,2.819,3.024,400V class,Assumed,,11.5/250,3/33/570,,,,,,,,,,,,,
Tesla,Model Y Long Range AWD-I,2024,SUV,AWD,83.4,308,308,308,118.0,118.0,118.0,3.501,3.693,400V class,Confirmed,https://ev-database.org/car/1619/Tesla-Model-Y-Long-Range-AWD,11.5/250,4/41/712,"EV-Database example: 96s46p (4,416 cells), nominal 357V (varies by variant/market)",96,46,,,4416,,,,,,,https://ev-database.org/car/1619/Tesla-Model-Y-Long-Range-AWD
Tesla,Model Y Performance/Long Range AWD,2024,SUV,AWD,83.4,279,310,295,105.0,117.0,111.0,3.294,3.531,400V class,Confirmed,https://ev-database.org/car/1619/Tesla-Model-Y-Long-Range-AWD,11.5/250,4/41/712,"EV-Database example: 96s46p (4,416 cells), nominal 357V (varies by variant/market)",96,46,,,4416,,,,,,,https://ev-database.org/car/1619/Tesla-Model-Y-Long-Range-AWD
Tesla,Model Y RWD,2024,SUV,RWD,66.5,260,320,290,120.0,120.0,120.0,3.561,4.361,400V class,Confirmed,https://ev-database.org/car/1619/Tesla-Model-Y-Long-Range-AWD,11.5/250,4/41/712,"EV-Database example: 96s46p (4,416 cells), nominal 357V (varies by variant/market)",96,46,,,4416,,,,,,,https://ev-database.org/car/1619/Tesla-Model-Y-Long-Range-AWD
Toyota,bZ4X,2024,SUV,FWD,71.4,236,252,244,112.0,119.0,115.5,3.427,3.417,400V class,Assumed,,6.6/150,4/23/353,,,,,,,,,,,,,
Toyota,bZ4X AWD,2024,SUV,AWD,72.8,222,228,225,102.0,104.0,103.0,3.056,3.091,400V class,Assumed,,6.6/100- 150,4/23/353,,,,,,,,,,,,,
VinFast,VF 9 Eco/Plus,2024,SUV,AWD,93.0,291,330,311,69.0,75.0,72.0,2.136,3.339,400V class,Assumed,,-/-,-/-/-,,,,,,,,,,,,,
Volkswagen,ID.4 AWD Pro/Pro S,2024,SUV,AWD,81.0,263,263,263,102.0,102.0,102.0,3.027,3.247,400V class,Assumed,,11/170,4/34/416,MEB pack: 12 modules; 96s3p = 288 cells; nominal 350.4V; voltage range 403.2–240V,96,3,12,24,288,3.650,4.200,2.500,350.4,403.2,240.0,https://www.batterydesign.net/vw-id-4-82kwh-battery/
Volkswagen,ID.4/S/Pro S,2024,SUV,RWD,81.0,206,291,249,107.0,113.0,110.0,3.264,3.068,400V class,Assumed,,11/170,4/34/416,MEB pack: 12 modules; 96s3p = 288 cells; nominal 350.4V; voltage range 403.2–240V,96,3,12,24,288,3.650,4.200,2.500,350.4,403.2,240.0,https://www.batterydesign.net/vw-id-4-82kwh-battery/
Volvo,C40/XC40 Recharge,2024,SUV,RWD,77.0,293,297,295,106.0,107.0,106.5,3.160,3.831,400V class,Assumed,,11/149,3/28/310,,,,,,,,,,,,,
Volvo,C40/XC40 Recharge Twin,2024,SUV,AWD,77.0,254,257,256,98.0,99.0,98.5,2.923,3.318,400V class,Assumed,,11/149,3/28/310,,,,,,,,,,,,,
Audi,e-tron GT/RS e- tron GT,2023,Sedan/Wagon,AWD,95.0,232,238,235,81.0,82.0,81.5,2.418,2.474,800V class,Confirmed,https://media.audiusa.com/releases/459,9.6/270,3/23/292,,,,,,,,,,,,,
Audi,e-tron quattro/S,2023,SUV,AWD,95.0,181,226,204,63.0,79.0,71.0,2.107,2.142,400V class,Assumed,,9.6/150,3/22/278,,,,,,,,,,,,,
Audi,e-tron Sportback/S Sportback,2023,SUV,AWD,95.0,185,225,205,65.0,78.0,71.5,2.122,2.158,400V class,Assumed,,9.6/150,3/22/274,,,,,,,,,,,,,
Audi,Q4 e-tron,2023,SUV,RWD,82.0,265,265,265,103.0,103.0,103.0,3.056,3.232,400V class,Assumed,,11/125,3/31/282,,,,,,,,,,,,,
Audi,Q4 e-tron quattro,2023,SUV,AWD,95.0,236,236,236,93.0,93.0,93.0,2.760,2.484,400V class,Assumed,,11/125,3/31/282,,,,,,,,,,,,,
Audi,Q4 e-tron Sportback,2023,SUV,AWD,82.0,242,242,242,95.0,95.0,95.0,2.819,2.951,400V class,Assumed,,11/125,3/31/282,,,,,,,,,,,,,
BMW,i4 eDrive35/40 Gran Coupe,2023,Sedan/Wagon,RWD,84.0,235,301,268,99.0,113.0,106.0,3.145,3.190,400V class,Assumed,,11/195,4/33/463,,,,,,,,,,,,,
BMW,i4 M50 Gran Coupe,2023,Sedan/Wagon,AWD,83.0,227,271,249,80.0,96.0,88.0,2.611,3.000,400V class,Assumed,,11/196,4/33/463,,,,,,,,,,,,,
BMW,i7 xDrive60 Sedan,2023,Sedan/Wagon,AWD,105.0,296,318,307,83.0,89.0,86.0,2.552,2.924,400V class,Assumed,,-/-,-/-/-,,,,,,,,,,,,,
BMW,iX M,2023,SUV,AWD,111.0,274,288,281,77.0,78.0,77.5,2.300,2.532,400V class,Assumed,,11/195,3/28/393,,,,,,,,,,,,,
BMW,iX xDrive,2023,SUV,AWD,76.0,305,324,315,83.0,86.0,84.5,2.507,4.138,400V class,Assumed,,11/195,3/28/393,,,,,,,,,,,,,
Cadillac,Lyric,2023,SUV,RWD,119.0,312,312,312,89.0,89.0,89.0,2.641,2.622,400V class,Assumed,,11.5- 19.2/190,4/29/401,,,,,,,,,,,,,
Cadillac,Lyric AWD,2023,SUV,AWD,119.0,307,307,307,89.0,89.0,89.0,2.641,2.580,400V class,Assumed,,11.5- 19.2/190,4/29/401,,,,,,,,,,,,,
Chevrolet,Bolt EUV,2023,Sedan/Wagon,FWD,75.0,247,247,247,115.0,115.0,115.0,3.412,3.293,400V class,Assumed,,11.5/50,4/39/136,"3P96S (packs of 3 in parallel, 96 groups in series)",96,3,,,288,3.650,4.167,,350.4,400.0,,https://allev.info/2023/12/chevy-bolt-ev-battery-disassembly/
Chevrolet,Bolt EV,2023,Sedan/Wagon,FWD,75.0,259,259,259,120.0,120.0,120.0,3.561,3.453,400V class,Assumed,,11.5/50,4/41/142,"3P96S (packs of 3 in parallel, 96 groups in series)",96,3,,,288,3.650,4.167,,350.4,400.0,,https://allev.info/2023/12/chevy-bolt-ev-battery-disassembly/
Fisker Automotive,"Ocean Extreme, One",2023,SUV,Part-Time 4WD,113.0,360,360,360,92.0,92.0,92.0,2.730,3.186,400V class,Assumed,,-/-,-/-/-,,,,,,,,,,,,,
Ford,F150 Lightning 4WD,2023,Pickup,AWD,123.0,240,240,240,68.0,68.0,68.0,2.018,1.951,400V class,Assumed,,11.6- 19.6/150,2/24- 40/249,,,,,,,,,,,,,
Ford,F150 Lightning 4WD Plat/Ext. Range,2023,Pickup,AWD,165.0,300,320,310,66.0,70.0,68.0,2.018,1.879,400V class,Assumed,,11.6- 19.6/150,2/24- 40/249,,,,,,,,,,,,,
Ford,Mustang Mach-E AWD,2023,SUV,AWD,116.0,224,224,224,93.0,93.0,93.0,2.760,1.931,400V class,Assumed,,11/115- 150,3/30/331,,,,,,,,,,,,,
Ford,Mustang Mach-E AWD CAL RT 1/EXT,2023,SUV,AWD,116.0,290,312,301,92.0,98.0,95.0,2.819,2.595,400V class,Assumed,,11/115- 150,3/30/331,,,,,,,,,,,,,
Ford,Mustang Mach-E GT,2023,SUV,AWD,116.0,260,270,265,82.0,84.0,83.0,2.463,2.284,400V class,Assumed,,11/115- 150,3/30/331,,,,,,,,,,,,,
Ford,Mustang Mach-E RWD Extended,2023,SUV,RWD,116.0,310,310,310,99.0,99.0,99.0,2.938,2.672,400V class,Assumed,,11/115- 150,3/30/331,,,,,,,,,,,,,
Ford,Mustang Mach-E RWD (incl. LFP),2023,SUV,RWD,91.0,247,250,249,101.0,103.0,102.0,3.027,2.731,400V class,Assumed,,11/115- 150,3/30/331,,,,,,,,,,,,,
Genesis,Electrified G,2023,Sedan/Wagon,AWD,87.0,282,282,282,97.0,97.0,97.0,2.878,3.241,400V class,Assumed,,-/-,-/-/-,,,,,,,,,,,,,
Genesis,GV60 Advance,2023,Sedan/Wagon,AWD,77.0,248,248,248,95.0,95.0,95.0,2.819,3.221,800V class,Confirmed,https://www.prnewswire.com/news-releases/hyundai-motor-group-to-lead-charge-into-electric-era-with-dedicated-ev-platform-e-gmp-301183314.html; https://newsroom.genesis.com/genesis-premieres-the-gv60-a-luxury-ev-that-connects-a-vehicle-to-a-driver/,-/-,-/-/-,,,,,,,,,,,,,
Genesis,GV60 Performance,2023,Sedan/Wagon,AWD,77.0,235,235,235,90.0,90.0,90.0,2.671,3.052,800V class,Confirmed,https://www.prnewswire.com/news-releases/hyundai-motor-group-to-lead-charge-into-electric-era-with-dedicated-ev-platform-e-gmp-301183314.html; https://newsroom.genesis.com/genesis-premieres-the-gv60-a-luxury-ev-that-connects-a-vehicle-to-a-driver/,-/-,-/-/-,,,,,,,,,,,,,
Hyundai,Ioniq 6 Long range AWD,2023,Sedan/Wagon,AWD,77.0,270,316,293,103.0,121.0,112.0,3.323,3.805,800V class,Confirmed,https://www.prnewswire.com/news-releases/hyundai-motor-group-to-lead-charge-into-electric-era-with-dedicated-ev-platform-e-gmp-301183314.html; https://newsroom.genesis.com/genesis-premieres-the-gv60-a-luxury-ev-that-connects-a-vehicle-to-a-driver/,-/-,-/-/-,,,,,,,,,,,,,
Hyundai,Ioniq 6 Long range RWD,2023,Sedan/Wagon,RWD,77.0,305,361,333,117.0,140.0,128.5,3.813,4.325,800V class,Confirmed,https://www.prnewswire.com/news-releases/hyundai-motor-group-to-lead-charge-into-electric-era-with-dedicated-ev-platform-e-gmp-301183314.html; https://newsroom.genesis.com/genesis-premieres-the-gv60-a-luxury-ev-that-connects-a-vehicle-to-a-driver/,-/-,-/-/-,,,,,,,,,,,,,
Hyundai,Ioniq 6 Standard range RWD,2023,Sedan/Wagon,RWD,53.0,240,240,240,135.0,135.0,135.0,4.006,4.528,800V class,Confirmed,https://www.prnewswire.com/news-releases/hyundai-motor-group-to-lead-charge-into-electric-era-with-dedicated-ev-platform-e-gmp-301183314.html; https://newsroom.genesis.com/genesis-premieres-the-gv60-a-luxury-ev-that-connects-a-vehicle-to-a-driver/,-/-,-/-/-,,,,,,,,,,,,,
Hyundai,Kona Electric,2023,SUV,FWD,64.0,258,258,258,120.0,120.0,120.0,3.561,4.031,400V class,Assumed,,7.2/75,4/26/214,,,,,,,,,,,,,
Jaguar,I-PACE EV,2023,SUV,4WD,86.0,217,246,232,76.0,85.0,80.5,2.389,2.692,400V class,Assumed,,7/100,3/16/180,,,,,,,,,,,,,
Kia,EV6 AWD GT,2023,Sedan/Wagon,AWD,77.0,206,206,206,79.0,79.0,79.0,2.344,2.675,800V class,Confirmed,https://www.prnewswire.com/news-releases/hyundai-motor-group-to-lead-charge-into-electric-era-with-dedicated-ev-platform-e-gmp-301183314.html; https://newsroom.genesis.com/genesis-premieres-the-gv60-a-luxury-ev-that-connects-a-vehicle-to-a-driver/,11/200,4/36/527,192s2p (384 cells); nominal 697V; voltage range 806–480V,192,2,,,384,3.630,4.198,2.500,697.0,806.0,480.0,https://www.batterydesign.net/2022-kia-ev6/
Kia,EV6 Long Range AWD,2023,Sedan/Wagon,AWD,77.0,252,282,267,96.0,109.0,102.5,3.042,3.468,800V class,Confirmed,https://www.prnewswire.com/news-releases/hyundai-motor-group-to-lead-charge-into-electric-era-with-dedicated-ev-platform-e-gmp-301183314.html; https://newsroom.genesis.com/genesis-premieres-the-gv60-a-luxury-ev-that-connects-a-vehicle-to-a-driver/,11/200,4/35/527,192s2p (384 cells); nominal 697V; voltage range 806–480V,192,2,,,384,3.630,4.198,2.500,697.0,806.0,480.0,https://www.batterydesign.net/2022-kia-ev6/
Kia,EV6 Standard/Long Range RWD,2023,Sedan/Wagon,RWD,77.0,232,310,271,117.0,117.0,117.0,3.472,3.519,800V class,Confirmed,https://www.prnewswire.com/news-releases/hyundai-motor-group-to-lead-charge-into-electric-era-with-dedicated-ev-platform-e-gmp-301183314.html; https://newsroom.genesis.com/genesis-premieres-the-gv60-a-luxury-ev-that-connects-a-vehicle-to-a-driver/,11/200,4/36/527,192s2p (384 cells); nominal 697V; voltage range 806–480V,192,2,,,384,3.630,4.198,2.500,697.0,806.0,480.0,https://www.batterydesign.net/2022-kia-ev6/
Kia,Niro Electric,2023,Sedan/Wagon,FWD,64.0,253,253,253,113.0,113.0,113.0,3.353,3.953,400V class,Assumed,,7.2/75,4/24/199,,,,,,,,,,,,,
Lexus,"RZ 450e AWD (18""/20"" Wheels)",2023,SUV,AWD,71.0,196,220,208,95.0,107.0,101.0,2.997,2.930,400V class,Assumed,,6.6/100- 150,4/23/353,,,,,,,,,,,,,
Lordstown,Endurance,2023,Pickup,4WD,109.0,174,174,174,48.0,48.0,48.0,1.424,1.596,400V class,Assumed,,-/-,-/-/-,,,,,,,,,,,,,
Lucid,Air G Touring XR AWD,2023,Sedan/Wagon,AWD,120.0,469,516,493,121.0,131.0,126.0,3.739,4.104,900V class,Confirmed,https://www.batterydesign.net/lucid-motors/; https://electrek.co/2024/03/27/worlds-first-mass-produced-900v-ev-drive-system-rolls-out/,19/300,4/69/876,"Dream/GT pack: 22 modules, 6,600 cylindrical cells; 220s30p (nominal ~799V, max 924V, min 550V)",220,30,22,300,6600,3.630,4.200,2.500,798.6,924.0,550.0,https://www.batterydesign.net/lucid-motors/; https://insideevs.com/news/544455/lucid-air-118kwh-battery-112kwh/
Lucid,Air GT P AWD,2023,Sedan/Wagon,AWD,120.0,446,446,446,111.0,111.0,111.0,3.294,3.717,900V class,Confirmed,https://www.batterydesign.net/lucid-motors/; https://electrek.co/2024/03/27/worlds-first-mass-produced-900v-ev-drive-system-rolls-out/,19/300,4/69/876,"Dream/GT pack: 22 modules, 6,600 cylindrical cells; 220s30p (nominal ~799V, max 924V, min 550V)",220,30,22,300,6600,3.630,4.200,2.500,798.6,924.0,550.0,https://www.batterydesign.net/lucid-motors/; https://insideevs.com/news/544455/lucid-air-118kwh-battery-112kwh/
Lucid,Air Pure AWD,2023,Sedan/Wagon,AWD,120.0,384,410,397,121.0,140.0,130.5,3.872,3.308,900V class,Confirmed,https://www.batterydesign.net/lucid-motors/; https://electrek.co/2024/03/27/worlds-first-mass-produced-900v-ev-drive-system-rolls-out/,19/300,4/69/876,"Dream/GT pack: 22 modules, 6,600 cylindrical cells; 220s30p (nominal ~799V, max 924V, min 550V)",220,30,22,300,6600,3.630,4.200,2.500,798.6,924.0,550.0,https://www.batterydesign.net/lucid-motors/; https://insideevs.com/news/544455/lucid-air-118kwh-battery-112kwh/
Lucid,Air Touring AWD,2023,Sedan/Wagon,AWD,120.0,384,425,405,121.0,140.0,130.5,3.872,3.371,900V class,Confirmed,https://www.batterydesign.net/lucid-motors/; https://electrek.co/2024/03/27/worlds-first-mass-produced-900v-ev-drive-system-rolls-out/,19/300,4/69/876,"Dream/GT pack: 22 modules, 6,600 cylindrical cells; 220s30p (nominal ~799V, max 924V, min 550V)",220,30,22,300,6600,3.630,4.200,2.500,798.6,924.0,550.0,https://www.batterydesign.net/lucid-motors/; https://insideevs.com/news/544455/lucid-air-118kwh-battery-112kwh/
Mazda,MX-,2023,Sedan/Wagon,FWD,35.0,100,100,100,92.0,92.0,92.0,2.730,2.857,400V class,Assumed,,-/-,-/-/-,,,,,,,,,,,,,
Mercedes-Benz,EQS 450 4MATIC,2023,Sedan/Wagon,AWD,111.0,340,340,340,103.0,103.0,103.0,3.056,3.063,400V class,Assumed,,9.6/200,3/27/456,,,,,,,,,,,,,
Mercedes-Benz,EQS 450 4MATIC (SUV),2023,SUV,AWD,111.0,285,285,285,78.0,78.0,78.0,2.315,2.568,400V class,Assumed,,9.6/200,3/27/456,,,,,,,,,,,,,
Mercedes-Benz,EQS 450+ (SUV),2023,SUV,RWD,111.0,305,305,305,85.0,85.0,85.0,2.522,2.748,400V class,Assumed,,9.6/200,3/27/456,,,,,,,,,,,,,
Mercedes-Benz,EQS 580 4MATIC (SUV),2023,SUV,AWD,111.0,285,285,285,77.0,77.0,77.0,2.285,2.568,400V class,Assumed,,9.6/200,3/27/456,,,,,,,,,,,,,
Mini,Cooper SE Hardtop 2 door,2023,Sedan/Wagon,FWD,32.0,114,114,114,110.0,110.0,110.0,3.264,3.563,400V class,Assumed,,7.4/-,4/24/128,,,,,,,,,,,,,
Nissan,ARIYA ENGAGE e- 4ORCE 63kWh,2023,Sedan/Wagon,AWD,65.0,205,205,205,95.0,95.0,95.0,2.819,3.154,400V class,Assumed,,7.2/130,4/22/312,,,,,,,,,,,,,
Nissan,ARIYA ENGAGE FWD 63kWh,2023,Sedan/Wagon,FWD,65.0,216,216,216,101.0,101.0,101.0,2.997,3.323,400V class,Assumed,,-/-,-/-/-,,,,,,,,,,,,,
Nissan,ARIYA ENG+/EVO+/PLAT+ e-4ORCE 87kWh,2023,Sedan/Wagon,AWD,90.0,257,257,257,87.0,92.0,89.5,2.656,2.856,400V class,Assumed,,7.2/130,4/22/312,,,,,,,,,,,,,
Nissan,ARIYA FWD 87kWh,2023,Sedan/Wagon,FWD,90.0,289,304,297,98.0,103.0,100.5,2.982,3.294,400V class,Assumed,,-/-,-/-/-,,,,,,,,,,,,,
Nissan,LEAF,2023,Sedan/Wagon,FWD,40.0,149,149,149,111.0,111.0,111.0,3.294,3.725,400V class,Assumed,,6.6/70,4/22/189,,,,,,,,,,,,,
Nissan,LEAF SV,2023,Sedan/Wagon,FWD,60.0,212,212,212,109.0,109.0,109.0,3.234,3.533,400V class,Assumed,,6.6/70,4/22/189,,,,,,,,,,,,,
Polestar,Polestar,2023,Sedan/Wagon,FWD,77.0,270,270,270,107.0,107.0,107.0,3.175,3.506,400V class,Assumed,,11/150,3/30/328,,,,,,,,,,,,,
Polestar,Polestar 2 Dual Motor,2023,Sedan/Wagon,AWD,77.0,247,260,254,96.0,100.0,98.0,2.908,3.292,400V class,Assumed,,11/150,3/30/328,,,,,,,,,,,,,
Porsche,Taycan AWD,2023,Sedan/Wagon,AWD,109.0,206,246,226,75.0,83.0,79.0,2.344,2.073,800V class,Confirmed,https://newsroom.porsche.com/en/press-kits/the-new-porsche-macan/Batterie-und-Laden.html; https://newsroom.porsche.com/en_US/products/taycan/battery-18557.html,11/270,2/23/442,Performance Battery Plus: 33 modules × 12 pouch cells = 396 cells; 198s2p,198,2,33,12,396,3.652,4.200,,723.0,831.6,,https://newsroom.porsche.com/en_US/products/taycan/battery-18557.html; https://www.qnovo.com/blogs/132-why-does-the-porsche-taycan-use-800-v-battery-packs
Porsche,Taycan Cross Turismo,2023,Sedan/Wagon,AWD,109.0,222,235,229,75.0,80.0,77.5,2.300,2.096,800V class,Confirmed,https://newsroom.porsche.com/en/press-kits/the-new-porsche-macan/Batterie-und-Laden.html; https://newsroom.porsche.com/en_US/products/taycan/battery-18557.html,11/270,2/23/442,Performance Battery Plus: 33 modules × 12 pouch cells = 396 cells; 198s2p,198,2,33,12,396,3.652,4.200,,723.0,831.6,,https://newsroom.porsche.com/en_US/products/taycan/battery-18557.html; https://www.qnovo.com/blogs/132-why-does-the-porsche-taycan-use-800-v-battery-packs
Porsche,Taycan GTS Sport Turismo,2023,Sedan/Wagon,AWD,109.0,233,233,233,80.0,80.0,80.0,2.374,2.138,800V class,Confirmed,https://newsroom.porsche.com/en/press-kits/the-new-porsche-macan/Batterie-und-Laden.html; https://newsroom.porsche.com/en_US/products/taycan/battery-18557.html,11/270,2/23/442,Performance Battery Plus: 33 modules × 12 pouch cells = 396 cells; 198s2p,198,2,33,12,396,3.652,4.200,,723.0,831.6,,https://newsroom.porsche.com/en_US/products/taycan/battery-18557.html; https://www.qnovo.com/blogs/132-why-does-the-porsche-taycan-use-800-v-battery-packs
Porsche,Taycan Perf Battery/Battery Plus,2023,Sedan/Wagon,RWD,109.0,208,242,225,82.0,83.0,82.5,2.448,2.064,800V class,Confirmed,https://newsroom.porsche.com/en/press-kits/the-new-porsche-macan/Batterie-und-Laden.html; https://newsroom.porsche.com/en_US/products/taycan/battery-18557.html,11/270,2/23/442,Performance Battery Plus: 33 modules × 12 pouch cells = 396 cells; 198s2p,198,2,33,12,396,3.652,4.200,,723.0,831.6,,https://newsroom.porsche.com/en_US/products/taycan/battery-18557.html; https://www.qnovo.com/blogs/132-why-does-the-porsche-taycan-use-800-v-battery-packs
Rivian,R1S,2023,SUV,AWD,144.0,274,321,298,63.0,71.0,67.0,1.988,2.066,400V class,Assumed,,11.5/209,2/24/349,,,,,,,,,,,,,
Rivian,R1S Dual Motor,2023,SUV,AWD,144.0,307,352,330,68.0,78.0,73.0,2.166,2.288,400V class,Assumed,,11.5/209,2/24/349,,,,,,,,,,,,,
Rivian,R1T,2023,Pickup,AWD,144.0,289,328,309,64.0,73.0,68.5,2.033,2.142,400V class,Assumed,,11.5/210,2/24/344,,,,,,,,,,,,,
Rivian,R1T Dual Motor,2023,Pickup,AWD,144.0,341,352,347,76.0,78.0,77.0,2.285,2.406,400V class,Assumed,,11.5/210,2/24/344,,,,,,,,,,,,,
Subaru,Solterra AWD,2023,SUV,AWD,72.0,222,228,225,102.0,104.0,103.0,3.056,3.125,400V class,Assumed,,-/-,-/-/-,,,,,,,,,,,,,
Tesla,Model 3 AWD,2023,Sedan/Wagon,AWD,84.0,315,358,337,113.0,131.0,122.0,3.620,4.006,400V class,Assumed,,11.5/250,4/41/712,,,,,,,,,,,,,
Tesla,Model 3 RWD,2023,Sedan/Wagon,RWD,60.9,272,272,272,132.0,132.0,132.0,3.917,4.466,400V class,Assumed,,-/250,4/41/712,,,,,,,,,,,,,
Tesla,Model S,2023,Sedan/Wagon,AWD,104.0,405,405,405,120.0,120.0,120.0,3.561,3.894,400V class,Assumed,,11.5/250,4/38/653,,,,,,,,,,,,,
Tesla,Model X,2023,SUV,AWD,104.0,311,348,330,91.0,102.0,96.5,2.864,3.168,400V class,Assumed,,11.5/250,3/33/570,,,,,,,,,,,,,
Tesla,Model Y AWD,2023,SUV,AWD,84.0,279,330,305,111.0,123.0,117.0,3.472,3.625,400V class,Confirmed,https://ev-database.org/car/1619/Tesla-Model-Y-Long-Range-AWD,11.5/250,4/41/712,"EV-Database example: 96s46p (4,416 cells), nominal 357V (varies by variant/market)",96,46,,,4416,,,,,,,https://ev-database.org/car/1619/Tesla-Model-Y-Long-Range-AWD
Toyota,bZ4X,2023,SUV,FWD,71.0,242,252,247,114.0,119.0,116.5,3.457,3.479,400V class,Assumed,,6.6/150,4/23/353,,,,,,,,,,,,,
Toyota,bZ4X AWD,2023,SUV,AWD,72.0,222,228,225,102.0,104.0,103.0,3.056,3.125,400V class,Assumed,,6.6/100- 150,4/23/353,,,,,,,,,,,,,
VinFast,VF 8 Eco/Plus,2023,SUV,AWD,88.0,191,207,199,80.0,87.0,83.5,2.478,2.261,400V class,Assumed,,-/-,-/-/-,,,,,,,,,,,,,
Volkswagen,ID.4 AWD Pro/Pro S,2023,SUV,AWD,81.0,255,255,255,99.0,99.0,99.0,2.938,3.148,400V class,Assumed,,11/125,4/34/306,MEB pack: 12 modules; 96s3p = 288 cells; nominal 350.4V; voltage range 403.2–240V,96,3,12,24,288,3.650,4.200,2.500,350.4,403.2,240.0,https://www.batterydesign.net/vw-id-4-82kwh-battery/
Volkswagen,ID.4 S/Pro/Pro S,2023,SUV,RWD,81.0,209,275,242,107.0,107.0,107.0,3.175,2.988,400V class,Assumed,,11/125,4/34/306,MEB pack: 12 modules; 96s3p = 288 cells; nominal 350.4V; voltage range 403.2–240V,96,3,12,24,288,3.650,4.200,2.500,350.4,403.2,240.0,https://www.batterydesign.net/vw-id-4-82kwh-battery/
Volvo,C40 Recharge Twin,2023,SUV,AWD,77.0,226,226,226,87.0,87.0,87.0,2.582,2.935,400V class,Assumed,,11/149,3/28/310,,,,,,,,,,,,,
Volvo,XC40 Recharge Twin,2023,SUV,AWD,77.0,223,223,223,85.0,85.0,85.0,2.522,2.896,400V class,Assumed,,11/150,3/28/303,,,,,,,,,,,,,